"JobName","LastPointCreationTime"
"",""
"WORK Domain Controllers","3/13/2022 6:00:26 PM"
"MICROSOFTWORD","3/14/2022 12:00:24 PM"
"CPU10HOFDWKS01","3/14/2022 12:45:27 AM"
"CPU10ADMWKS99","3/14/2022 3:15:28 AM"
"CPU10ADMWKS98","3/14/2022 3:25:34 AM"
"CPU10ADMWKS97","3/14/2022 3:30:49 AM"
"CPU10ADMWKS96","3/14/2022 3:35:20 AM"
"CPU10ADMWKS95","3/14/2022 3:42:45 AM"
"CPU10ADMWKS94","3/14/2022 3:50:19 AM"
"CPU10ADMWKS93","3/14/2022 3:50:20 AM"
"CPU10ADMWKS92","3/14/2022 3:55:19 AM"
"CPU10ADMWKS91","3/14/2022 4:00:32 AM"
"ACCOUNTING","3/14/2022 4:07:35 AM"
"DOORLOCKS","3/14/2022 4:15:14 AM"
"PEANUTBUTTER","3/14/2022 4:22:39 AM"
"CAGE01","3/14/2022 4:30:17 AM"
"CPU10ADMWKS90","3/14/2022 4:30:19 AM"
"CASINOSERVERS","3/14/2022 5:03:40 AM"
"MICROSOFTWORD","3/14/2022 6:00:24 AM"
"WORK Domain Controllers","3/14/2022 6:00:34 PM"
"MICROSOFTWORD","3/15/2022 12:00:23 PM"
"DOORLOCKS","3/15/2022 4:15:27 AM"
"CPU10HOFDWKS02","3/15/2022 4:30:34 AM"
"CPU15CSCage01","3/15/2022 4:32:24 AM"
"CASINOSERVERS","3/15/2022 5:03:28 AM"
"MICROSOFTWORD","3/15/2022 6:00:41 AM"
"ORANGES","3/15/2022 9:39:28 AM"
